{"nwrmsle": 0.8523459836938485, "r2_score": -17.441976789654458}